id,metin
E001,"Ürün güzel ama ihtiyacım kalmadı, iade süreci nasıl işliyor?"
E002,sipariş ne alemde
E003,Elektrikli süpürgenin filtresi nasıl temizleniyor? Emiş gücü düştü.
E004,"Laptopun şarj adaptörü çok ısınıyor, kullanmak güvenli mi?"
E005,"Kargo 'teslim edildi' diyor ama bana hiçbir paket gelmedi. Kapıcıya ve komşulara da sordum, kimse almamış."
E006,"Faturam e-posta ile gelmedi, sipariş no 48001."
E007,Tebrikler! Hesabınızı doğrulamak ve ödülünüzü almak için hemen linke tıklayın: http://ornek-dogrulama.xyz
E008,"Ürünü iade kargosuna vereli 10 gün oldu, para iadesi hâlâ hesabıma yatmadı."
E009,"Sipariş numaram ekranda çıktı ama onay maili gelmedi, kartımdan da para çekilmiş görünüyor. Siparişim sisteme düştü mü?"
E010,"Akıllı saat telefonla eşleşmiyor, Bluetooth açık."
E011,Geçen hafta kargo sorunumda yardımcı olan müşteri temsilcinize çok teşekkür ederim.
E012,"Müşteri hizmetlerine 3 gündür ulaşamıyorum, telefon hep meşgul."
E013,"Blender'ı kutusundan çıkardım ama hiç kullanmadım, iade edebilir miyim?"
E014,"Aldığım ayakkabı küçük geldi, bir numara büyüğüyle değiştirmek istiyorum."
E015,"Canlı destek botu hiçbir soruma cevap veremiyor, gerçek bir insanla görüşmek istiyorum."
E016,Teslimat süresi neden 7-10 gün? Hızlı gönderim seçeneğiniz var mı?
E017,"3D Secure ekranında hata alıyorum, ödemeyi tamamlayamıyorum."
E018,?
E019,Ürün açıklamasında 'yerli üretim' yazıyor ama kutunun üzerinde başka bir ülke yazıyor.
E020,"Sepette 1.249 TL yazıyordu, karttan 1.349 TL çekildi. Aradaki 100 TL ne?"
E021,"Siparişimi cumartesiye yetiştirebilir misiniz? Doğum günü hediyesi, en geç ne zaman elimde olur?"
E022,"Kupon kodu ödeme sayfasında çalışmadı, indirim uygulanmadan ücret çekildi. Farkı geri alabilir miyim?"
E023,Ürün yorumum neden yayınlanmadı?
E024,Siparişim henüz kargoya verilmediyse teslimat adresini değiştirmem gerekiyor. Mümkün mü?
E025,"Renk fotoğraftakinden çok farklı, iade etmek istiyorum."
E026,Para iademi kartıma değil hediye çeki olarak alabilir miyim?
E027,Siparişi iptal ettim ama bloke edilen tutar kartımda hâlâ duruyor.
E028,"Kampanya dönemlerinde fiyatları önce artırıp sonra indirim yapıyorsunuz, bunu fark ettim."
E029,"Puanlarımı ödemede kullanamıyorum, bakiye görünüyor ama tutardan düşmüyor."
E030,"Ödeme yaptım ama sipariş oluşmadı, para hesabımdan düştü."
E031,Kahve makinesinin ekranında E03 hatası çıkıyor.
E032,"Ürünlerinizi kendi mağazamızda satmak istiyoruz, iş birliği için kiminle görüşebiliriz?"
E033,"Sipariş verirken adres kaydetme ekranı hata veriyor, siparişi tamamlayamıyorum."
E034,"Bugün kargoya verilecek denmişti, hâlâ hiçbir hareket yok."
E035,"Setten tek bir parçayı iade etmek istiyorum, kısmi iade mümkün mü?"
E036,Sadakat programınıza nasıl üye olunuyor?
E037,Ankara'da fiziksel mağazanız var mı?
E038,Instagram'daki kampanya sitede neden geçerli değil? Bence yanıltıcı reklam.
E039,"Fatura şirket adına mı düzenleniyor, şahıs adına mı? Sipariş verirken seçemedim."
E040,"Merhabalar, iki ürün sipariş ettim ama tek paket geldi. Diğeri ayrı mı gelecek?"
E041,İade süresi kaç gün? Ürünü 16 gün önce teslim aldım.
E042,"Yazıcı sürücüsü macOS'ta yüklenmiyor, uyumlu bir sürüm var mı?"
E043,"Aynı ürünü yanlışlıkla iki kez sipariş etmişim, ikisi de geldi. Birini geri göndermek istiyorum."
E044,Değişim için gönderdiğim ürün size ulaştı mı? Yenisi ne zaman gelir?
E045,"Kargom 5 gündür aynı aktarma merkezinde bekliyor, bir bilginiz var mı?"
E046,iade etcem nasıl yapıyoz
E047,"Hediye çeki kodumu girdim, bakiye 0 görünüyor ama hiç kullanmadım."
E048,"Harika bir ürün, sadece 2 günde bozuldu. Tebrikler 👏"
E049,İade kodu nasıl alınıyor? Uygulamada iade butonunu bulamadım.
E050,Aynı sorunu dördüncü kez yazıyorum ve kimse cevap vermiyor. Artık tüketici hakem heyetine başvuracağım.
E051,KVKK kapsamında kişisel verilerimin silinmesini talep ediyorum.
E052,"Merhaba, sipariş numaram 47790. Kısmi gönderim yapılmış, kulaklık eksik. Durumu nedir?"
E053,"Kargocu paketi kapıya bırakıp zili bile çalmadan gitti, çok özensiz."
E054,"Firmamız için toplu alım yapacağız, proforma fatura gönderebilir misiniz?"
E055,Garanti kapsamında servis nasıl çağırıyorum? Buzdolabı soğutmuyor.
E056,"Kartımdan aynı sipariş için iki kez çekim yapılmış, birini iade eder misiniz?"
E057,"Siparişim sorunsuz geldi, paketleme çok özenliydi. Teşekkürler!"
E058,"Televizyonun kumandası bazı tuşlara tepki vermiyor, pilleri değiştirdim."
E059,"Yanlış ürün gönderilmiş, ben siyah istemiştim beyaz gelmiş. Değişim yapalım lütfen."
E060,"Aldığım robot süpürge şarj istasyonunu bulamıyor, sürekli etrafında dönüyor. Bir ayar mı yapmam lazım?"
E061,"Kurye aradı, adresi bulamadığını söyledi. Tekrar ne zaman gelir?"
E062,"İade ettiğim ürün için 'kabul edilmedi' maili geldi, sebebini öğrenebilir miyim?"
E063,Beden tablosuna göre aldım yine olmadı. Değişim kargosu ücretli mi?
E064,"Siparişimi iptal etmek istiyorum, henüz kargolanmadı."
E065,"Ödeme sayfasında taksit seçeneği görünmüyor, 6 taksit yapabiliyor musunuz?"
E066,Kargo firması yarın teslim edecek diyor ama ben yarın evde değilim. Şubeden alabilir miyim?
E067,"Eski adresime hâlâ basılı katalog gönderiyorsunuz, lütfen durdurun."
E068,Kapıda ödeme seçeneğiniz var mı?
E069,Havale ile ödeme yaptım ama açıklamaya sipariş numarasını yazmayı unuttum. Nasıl eşleşecek?
E070,"Faturadaki adres yanlış, düzeltilmiş fatura kesebilir misiniz?"
E071,Mağazadan iade yapabilir miyim yoksa kargoyla mı göndermem gerekiyor?
E072,"Kredi kartı ekstremde 'ORNEKMARKET' diye tanımadığım bir harcama var, bu sizden mi?"
E073,İndirimde aldığım ürünler iade edilebiliyor mu?
E074,"Çalışanınız telefonda sesini yükseltti, bu kabul edilemez."
E075,"E-bülten listesinden çıkmak istiyorum, çok fazla mail geliyor."
E076,"Sipariş no 48213. Kargo takip numarası sistemde bulunamıyor, paketim nerede acaba?"
E077,fatura
E078,Paketim hasarlı mı geldi diye soracaktım ama daha gelmedi bile :) 10 gündür bekliyorum.
E079,"Kargo poşetini attım, iade için orijinal ambalaj şart mı?"
E080,Hediye paketi seçeneğini işaretlemiştim ama sipariş özetinde görünmüyor. Hediye paketli mi gelecek?
E081,Ön siparişle aldığım kahve makinesi için verilen tahmini tarih geçti. Ne zaman stoğa girecek?
E082,"Ürünü iade etmeyi düşünmüyorum, sadece çalıştırmama yardım edin: saat ayarı sürekli sıfırlanıyor."
E083,"Merhaba, 3 gün önce verdiğim sipariş hâlâ 'hazırlanıyor' görünüyor. Ne zaman kargoya verilir?"
E084,"Hediye olarak aldım, faturasız iade yapılabiliyor mu?"
E085,Taksit farkı neden bu kadar yüksek? Peşin fiyatına 3 taksit yok mu?
E086,"Hesabımda eski siparişlerim görünmüyor, sayfa boş geliyor."
E087,"Uygulamaya giriş yapamıyorum, şifremi sıfırlasam da 'hatalı' diyor."
E088,"Uygulama bildirimleri gelmiyor, kampanyaları kaçırıyorum."
E089,wifiye baglanmiyo klima
E090,e-faturamı PDF olarak nereden indirebilirim?
E091,Blenderın bıçağı dönmüyor ama motor sesi geliyor.
E092,Web sitenizde karanlık mod açılınca yazılar okunmuyor.
E093,Yazılım güncellemesinden sonra hoparlörden ses gelmiyor.
E094,"Kulaklığın bir tarafından ses gelmiyor, yenisiyle değiştirilmesini istiyorum."
E095,"Hi, siparişim #50122 still not shipped, any update? Teşekkürler"
E096,Mağazanızda iş başvurusu nasıl yapılıyor?
E097,Sitede 'sepete ekle' butonuna basınca sayfa donuyor.
E098,"Kurulum kılavuzu Türkçe değil, Türkçe versiyonunu paylaşabilir misiniz?"
E099,"Kurumsal fatura istiyorum, vergi numaramı nereye yazmalıyım?"
E100,"Kargo takip linki başka birinin adresini gösteriyor, yanlış mı eşleşmiş?"
